variant,workload,qubits,layers,repeat,threads,runtime_s,reference_runtime_s,max_abs_error,fidelity,norm,rss_delta_mib,status
baseline_tn,qaoa,16,6,1,1,0.5996076330000051,0.05411509999998998,3.978504240187453e-15,1.0000000000000049,0.9999999999999221,28.05078125,success
baseline_tn,qaoa,16,6,2,1,0.4118392149999863,0.05411509999998998,3.978504240187453e-15,1.0000000000000049,0.9999999999999221,1.0546875,success
baseline_tn,qaoa,16,6,3,1,0.4177884460000314,0.05411509999998998,3.978504240187453e-15,1.0000000000000049,0.9999999999999221,0.26953125,success
baseline_tn,qaoa,16,6,4,1,0.41750108500002625,0.05411509999998998,3.978504240187453e-15,1.0000000000000049,0.9999999999999221,0.02734375,success
mps_exact,qaoa,16,6,1,1,1.832128115000046,0.05411509999998998,1.259037632948241e-15,0.9999999999999987,0.9999999999999999,7.08203125,success
mps_exact,qaoa,16,6,2,1,1.763315958000021,0.05411509999998998,1.259037632948241e-15,0.9999999999999987,0.9999999999999999,8.50390625,success
mps_exact,qaoa,16,6,3,1,1.7669005230000039,0.05411509999998998,1.259037632948241e-15,0.9999999999999987,0.9999999999999999,-8.06640625,success
mps_exact,qaoa,16,6,4,1,1.7699582179999425,0.05411509999998998,1.259037632948241e-15,0.9999999999999987,0.9999999999999999,-3.65234375,success
mps_cutoff_1e12,qaoa,16,6,1,1,0.5177006729999221,0.05411509999998998,1.5321210951260354e-13,0.9999999999999974,1.0000000000000007,7.01171875,success
mps_cutoff_1e12,qaoa,16,6,2,1,0.4996035980000215,0.05411509999998998,1.5321210951260354e-13,0.9999999999999974,1.0000000000000007,-6.57421875,success
mps_cutoff_1e12,qaoa,16,6,3,1,0.5021822249999559,0.05411509999998998,1.5321210951260354e-13,0.9999999999999974,1.0000000000000007,0.0,success
mps_cutoff_1e12,qaoa,16,6,4,1,0.5040009010000404,0.05411509999998998,1.5321210951260354e-13,0.9999999999999974,1.0000000000000007,0.0,success
mps_cutoff_1e8,qaoa,16,6,1,1,0.30604334600002403,0.05411509999998998,2.3986527775575836e-09,0.9999999999999889,1.0000000000000067,2.3203125,success
mps_cutoff_1e8,qaoa,16,6,2,1,0.2944018919999962,0.05411509999998998,2.3986527775575836e-09,0.9999999999999889,1.0000000000000067,0.0,success
mps_cutoff_1e8,qaoa,16,6,3,1,0.29345909799997116,0.05411509999998998,2.3986527775575836e-09,0.9999999999999889,1.0000000000000067,0.0,success
mps_cutoff_1e8,qaoa,16,6,4,1,0.29276868299996295,0.05411509999998998,2.3986527775575836e-09,0.9999999999999889,1.0000000000000067,0.2578125,success
baseline_tn,qaoa,18,6,1,1,1.0893808010000612,0.07236413099997208,3.144408217345314e-15,0.999999999999998,0.9999999999999138,8.70703125,success
baseline_tn,qaoa,18,6,2,1,1.0792742569999518,0.07236413099997208,3.144408217345314e-15,0.999999999999998,0.9999999999999138,4.21484375,success
baseline_tn,qaoa,18,6,3,1,1.1469685569999228,0.07236413099997208,3.144408217345314e-15,0.999999999999998,0.9999999999999138,0.0,success
baseline_tn,qaoa,18,6,4,1,1.0807691190000241,0.07236413099997208,3.144408217345314e-15,0.999999999999998,0.9999999999999138,0.0,success
mps_exact,qaoa,18,6,1,1,10.746169511000062,0.07236413099997208,9.34956411053964e-16,0.9999999999999991,1.000000000000003,4.453125,success
mps_exact,qaoa,18,6,2,1,10.728867749000074,0.07236413099997208,9.34956411053964e-16,0.9999999999999991,1.000000000000003,16.0,success
mps_exact,qaoa,18,6,3,1,10.712206846999948,0.07236413099997208,9.34956411053964e-16,0.9999999999999991,1.000000000000003,22.32421875,success
mps_exact,qaoa,18,6,4,1,10.755108072999974,0.07236413099997208,9.34956411053964e-16,0.9999999999999991,1.000000000000003,-46.52734375,success
mps_cutoff_1e12,qaoa,18,6,1,1,0.8728582700000516,0.07236413099997208,1.0629778548202304e-13,0.9999999999999925,0.9999999999999911,9.0234375,success
mps_cutoff_1e12,qaoa,18,6,2,1,0.8651407180000206,0.07236413099997208,1.0629778548202304e-13,0.9999999999999925,0.9999999999999911,0.0,success
mps_cutoff_1e12,qaoa,18,6,3,1,0.8647389459999886,0.07236413099997208,1.0629778548202304e-13,0.9999999999999925,0.9999999999999911,0.0,success
mps_cutoff_1e12,qaoa,18,6,4,1,0.8660981739999443,0.07236413099997208,1.0629778548202304e-13,0.9999999999999925,0.9999999999999911,1.8046875,success
mps_cutoff_1e8,qaoa,18,6,1,1,0.3890196699999251,0.07236413099997208,2.410712211934771e-09,0.99999999999999,0.9999999999999918,0.0,success
mps_cutoff_1e8,qaoa,18,6,2,1,0.3886727899999869,0.07236413099997208,2.410712211934771e-09,0.99999999999999,0.9999999999999918,0.0,success
mps_cutoff_1e8,qaoa,18,6,3,1,0.38993223900001794,0.07236413099997208,2.410712211934771e-09,0.99999999999999,0.9999999999999918,0.0,success
mps_cutoff_1e8,qaoa,18,6,4,1,0.3873483049999322,0.07236413099997208,2.410712211934771e-09,0.99999999999999,0.9999999999999918,0.0,success
baseline_tn,qaoa,20,6,1,1,1.2568183839999847,0.19905491999998048,2.4016718709590816e-15,1.0000000000000029,0.9999999999999036,17.1171875,success
baseline_tn,qaoa,20,6,2,1,1.2490274920000957,0.19905491999998048,2.4016718709590816e-15,1.0000000000000029,0.9999999999999036,-5.75390625,success
baseline_tn,qaoa,20,6,3,1,1.2486867910000683,0.19905491999998048,2.4016718709590816e-15,1.0000000000000029,0.9999999999999036,0.01171875,success
baseline_tn,qaoa,20,6,4,1,1.3141133710000759,0.19905491999998048,2.4016718709590816e-15,1.0000000000000029,0.9999999999999036,0.0,success
mps_exact,qaoa,20,6,1,1,67.23590956499993,0.19905491999998048,5.581019540401973e-16,1.0000000000000004,0.9999999999999963,63.6796875,success
mps_exact,qaoa,20,6,2,1,67.00614951600005,0.19905491999998048,5.581019540401973e-16,1.0000000000000004,0.9999999999999963,-60.5859375,success
mps_exact,qaoa,20,6,3,1,67.02648037000017,0.19905491999998048,5.581019540401973e-16,1.0000000000000004,0.9999999999999963,100.17578125,success
mps_exact,qaoa,20,6,4,1,66.99280568800009,0.19905491999998048,5.581019540401973e-16,1.0000000000000004,0.9999999999999963,-101.17578125,success
mps_cutoff_1e12,qaoa,20,6,1,1,1.3076387230000819,0.19905491999998048,9.224381651100518e-14,1.0000000000000044,0.9999999999999777,0.0,success
mps_cutoff_1e12,qaoa,20,6,2,1,1.3051559499999712,0.19905491999998048,9.224381651100518e-14,1.0000000000000044,0.9999999999999777,0.0,success
mps_cutoff_1e12,qaoa,20,6,3,1,1.30660517299998,0.19905491999998048,9.224381651100518e-14,1.0000000000000044,0.9999999999999777,4.44140625,success
mps_cutoff_1e12,qaoa,20,6,4,1,1.3074424999999792,0.19905491999998048,9.224381651100518e-14,1.0000000000000044,0.9999999999999777,0.89453125,success
mps_cutoff_1e8,qaoa,20,6,1,1,0.4963158680000106,0.19905491999998048,2.0951125286099384e-09,0.9999999999999886,0.9999999999999758,8.56640625,success
mps_cutoff_1e8,qaoa,20,6,2,1,0.4931331970001338,0.19905491999998048,2.0951125286099384e-09,0.9999999999999886,0.9999999999999758,0.0,success
mps_cutoff_1e8,qaoa,20,6,3,1,0.49366625499988004,0.19905491999998048,2.0951125286099384e-09,0.9999999999999886,0.9999999999999758,0.0,success
mps_cutoff_1e8,qaoa,20,6,4,1,0.4942387339999641,0.19905491999998048,2.0951125286099384e-09,0.9999999999999886,0.9999999999999758,0.2578125,success
